<?xml version="1.0" encoding="utf-8"?>
<edmx:Edmx Version="3.0" xmlns:edmx="http://schemas.microsoft.com/ado/2009/11/edmx">
 <!-- EF Designer content (DO NOT EDIT MANUALLY BELOW HERE) -->
  <edmx:Designer xmlns="http://schemas.microsoft.com/ado/2009/11/edmx">
    <!-- Diagram content (shape and connector positions) -->
    <edmx:Diagrams>
      <Diagram DiagramId="c0d368a807da4caebf83385463893343" Name="Diagram1">
        <EntityTypeShape EntityType="PortalEmpleoDBModel.C__MigrationHistory" Width="1.5" PointX="0.75" PointY="0.75" IsExpanded="true" />
        <EntityTypeShape EntityType="PortalEmpleoDBModel.Area" Width="1.5" PointX="0.75" PointY="6.625" IsExpanded="true" />
        <EntityTypeShape EntityType="PortalEmpleoDBModel.AspNetRoles" Width="1.5" PointX="6" PointY="2.75" IsExpanded="true" />
        <EntityTypeShape EntityType="PortalEmpleoDBModel.AspNetUserClaims" Width="1.5" PointX="10.5" PointY="6.5" IsExpanded="true" />
        <EntityTypeShape EntityType="PortalEmpleoDBModel.AspNetUserLogins" Width="1.5" PointX="10.5" PointY="13.125" IsExpanded="true" />
        <EntityTypeShape EntityType="PortalEmpleoDBModel.AspNetUsers" Width="1.5" PointX="8.25" PointY="0.75" IsExpanded="true" />
        <EntityTypeShape EntityType="PortalEmpleoDBModel.DatosEmpresa" Width="1.5" PointX="10.5" PointY="15.75" IsExpanded="true" />
        <EntityTypeShape EntityType="PortalEmpleoDBModel.DatosUsuario" Width="1.5" PointX="10.5" PointY="2" IsExpanded="true" />
        <EntityTypeShape EntityType="PortalEmpleoDBModel.Educacion" Width="1.5" PointX="3" PointY="5" IsExpanded="true" />
        <EntityTypeShape EntityType="PortalEmpleoDBModel.Estado" Width="1.5" PointX="3" PointY="7.5" IsExpanded="true" />
        <EntityTypeShape EntityType="PortalEmpleoDBModel.EstadoPost" Width="1.5" PointX="8.25" PointY="15.375" IsExpanded="true" />
        <EntityTypeShape EntityType="PortalEmpleoDBModel.Jornada_Compl" Width="1.5" PointX="3" PointY="10.125" IsExpanded="true" />
        <EntityTypeShape EntityType="PortalEmpleoDBModel.Movilidad" Width="1.5" PointX="3" PointY="16.625" IsExpanded="true" />
        <EntityTypeShape EntityType="PortalEmpleoDBModel.Nacionalidad" Width="1.5" PointX="8.25" PointY="18.75" IsExpanded="true" />
        <EntityTypeShape EntityType="PortalEmpleoDBModel.OfertaLaboral" Width="1.5" PointX="5.25" PointY="8.125" IsExpanded="true" />
        <EntityTypeShape EntityType="PortalEmpleoDBModel.OfertaPostulante" Width="1.5" PointX="10.5" PointY="9.75" IsExpanded="true" />
        <EntityTypeShape EntityType="PortalEmpleoDBModel.Subarea" Width="1.5" PointX="3" PointY="13.125" IsExpanded="true" />
        <EntityTypeShape EntityType="PortalEmpleoDBModel.sysdiagrams" Width="1.5" PointX="2.75" PointY="0.75" IsExpanded="true" />
        <EntityTypeShape EntityType="PortalEmpleoDBModel.TipoContrato" Width="1.5" PointX="3" PointY="19.125" IsExpanded="true" />
        <EntityTypeShape EntityType="PortalEmpleoDBModel.TipoTrabajo" Width="1.5" PointX="8.25" PointY="21.125" IsExpanded="true" />
        <EntityTypeShape EntityType="PortalEmpleoDBModel.Voluntariado" Width="1.5" PointX="8.25" PointY="8.125" IsExpanded="true" />
        <EntityTypeShape EntityType="PortalEmpleoDBModel.VoluntariadoPostulante" Width="1.5" PointX="13.5" PointY="9.75" IsExpanded="true" />
        <AssociationConnector Association="PortalEmpleoDBModel.FK_OfertaLaboral_Area" ManuallyRouted="false" />
        <AssociationConnector Association="PortalEmpleoDBModel.FK_Subarea_Area" ManuallyRouted="false" />
        <AssociationConnector Association="PortalEmpleoDBModel.FK_Voluntariado_Area" ManuallyRouted="false" />
        <AssociationConnector Association="PortalEmpleoDBModel.FK_dbo_AspNetUserClaims_dbo_AspNetUsers_UserId" ManuallyRouted="false" />
        <AssociationConnector Association="PortalEmpleoDBModel.FK_dbo_AspNetUserLogins_dbo_AspNetUsers_UserId" ManuallyRouted="false" />
        <AssociationConnector Association="PortalEmpleoDBModel.FK_DatosEmpresa_AspNetUsers" ManuallyRouted="false" />
        <AssociationConnector Association="PortalEmpleoDBModel.FK_DatosUsuario_AspNetUsers" ManuallyRouted="false" />
        <AssociationConnector Association="PortalEmpleoDBModel.FK_OfertaPostulante_AspNetUsers" ManuallyRouted="false" />
        <AssociationConnector Association="PortalEmpleoDBModel.FK_VoluntariadoPostulante_AspNetUsers" ManuallyRouted="false" />
        <AssociationConnector Association="PortalEmpleoDBModel.FK_DatosUsuario_Nacionalidad" ManuallyRouted="false" />
        <AssociationConnector Association="PortalEmpleoDBModel.FK_DatosUsuario_TipoTrabajo" ManuallyRouted="false" />
        <AssociationConnector Association="PortalEmpleoDBModel.FK_OfertaLaboral_Educacion" ManuallyRouted="false" />
        <AssociationConnector Association="PortalEmpleoDBModel.FK_Voluntariado_Educacion" ManuallyRouted="false" />
        <AssociationConnector Association="PortalEmpleoDBModel.FK_OfertaLaboral_Estado" ManuallyRouted="false" />
        <AssociationConnector Association="PortalEmpleoDBModel.FK_Voluntariado_Estado" ManuallyRouted="false" />
        <AssociationConnector Association="PortalEmpleoDBModel.FK_OfertaPostulante_EstadoPost" ManuallyRouted="false" />
        <AssociationConnector Association="PortalEmpleoDBModel.FK_VoluntariadoPostulante_EstadoPost" ManuallyRouted="false" />
        <AssociationConnector Association="PortalEmpleoDBModel.FK_OfertaLaboral_Jornada_Compl" ManuallyRouted="false" />
        <AssociationConnector Association="PortalEmpleoDBModel.FK_Voluntariado_Jornada_Compl" ManuallyRouted="false" />
        <AssociationConnector Association="PortalEmpleoDBModel.FK_OfertaLaboral_Movilidad" ManuallyRouted="false" />
        <AssociationConnector Association="PortalEmpleoDBModel.FK_Voluntariado_Movilidad" ManuallyRouted="false" />
        <AssociationConnector Association="PortalEmpleoDBModel.FK_OfertaLaboral_Subarea" ManuallyRouted="false" />
        <AssociationConnector Association="PortalEmpleoDBModel.FK_OfertaLaboral_TipoContrato" ManuallyRouted="false" />
        <AssociationConnector Association="PortalEmpleoDBModel.FK_OfertaPostulante_OfertaLaboral" ManuallyRouted="false" />
        <AssociationConnector Association="PortalEmpleoDBModel.FK_Voluntariado_Subarea" ManuallyRouted="false" />
        <AssociationConnector Association="PortalEmpleoDBModel.FK_Voluntariado_TipoContrato" ManuallyRouted="false" />
        <AssociationConnector Association="PortalEmpleoDBModel.FK_VoluntariadoPostulante_Voluntariado" ManuallyRouted="false" />
        <AssociationConnector Association="PortalEmpleoDBModel.AspNetUserRoles" ManuallyRouted="false" />
      </Diagram>
    </edmx:Diagrams>
  </edmx:Designer>
</edmx:Edmx>