<?xml version="1.0" encoding="utf-8"?>
<edmx:Edmx Version="3.0" xmlns:edmx="http://schemas.microsoft.com/ado/2009/11/edmx">
 <!-- EF Designer content (DO NOT EDIT MANUALLY BELOW HERE) -->
  <edmx:Designer xmlns="http://schemas.microsoft.com/ado/2009/11/edmx">
    <!-- Diagram content (shape and connector positions) -->
    <edmx:Diagrams>
      <Diagram DiagramId="5df74851f6714fbd99dd5d01020c3c3b" Name="Diagram1" ZoomLevel="83">
        <EntityTypeShape EntityType="Model.C__MigrationHistory" Width="1.5" PointX="0.75" PointY="2.25" IsExpanded="true" />
        <EntityTypeShape EntityType="Model.Area" Width="1.5" PointX="0.75" PointY="8.125" IsExpanded="true" />
        <EntityTypeShape EntityType="Model.AspNetRoles" Width="1.5" PointX="6" PointY="4.5" IsExpanded="false" />
        <EntityTypeShape EntityType="Model.AspNetUserClaims" Width="1.5" PointX="10.5" PointY="5.25" IsExpanded="true" />
        <EntityTypeShape EntityType="Model.AspNetUserLogins" Width="1.5" PointX="10.5" PointY="15" IsExpanded="true" />
        <EntityTypeShape EntityType="Model.AspNetUsers" Width="1.5" PointX="8.25" PointY="2.625" IsExpanded="true" />
        <EntityTypeShape EntityType="Model.DatosEmpresa" Width="1.5" PointX="10.5" PointY="17.5" IsExpanded="true" />
        <EntityTypeShape EntityType="Model.DatosUsuario" Width="1.5" PointX="13.375" PointY="1" IsExpanded="true" />
        <EntityTypeShape EntityType="Model.Educacion" Width="1.5" PointX="3" PointY="6.5" IsExpanded="true" />
        <EntityTypeShape EntityType="Model.Estado" Width="1.5" PointX="3" PointY="9.125" IsExpanded="true" />
        <EntityTypeShape EntityType="Model.Jornada_Compl" Width="1.5" PointX="3" PointY="11.625" IsExpanded="true" />
        <EntityTypeShape EntityType="Model.Movilidad" Width="1.5" PointX="3" PointY="18.125" IsExpanded="true" />
        <EntityTypeShape EntityType="Model.Nacionalidad" Width="1.5" PointX="14.625" PointY="17.625" IsExpanded="true" />
        <EntityTypeShape EntityType="Model.OfertaLaboral" Width="1.5" PointX="5.25" PointY="9.625" IsExpanded="true" />
        <EntityTypeShape EntityType="Model.OfertaPostulante" Width="1.5" PointX="10.5" PointY="11.375" IsExpanded="true" />
        <EntityTypeShape EntityType="Model.Subarea" Width="1.5" PointX="3" PointY="14.625" IsExpanded="true" />
        <EntityTypeShape EntityType="Model.sysdiagrams" Width="1.5" PointX="2.75" PointY="2.25" IsExpanded="true" />
        <EntityTypeShape EntityType="Model.TipoContrato" Width="1.5" PointX="3" PointY="20.75" IsExpanded="true" />
        <EntityTypeShape EntityType="Model.TipoTrabajo" Width="1.5" PointX="13" PointY="20.375" IsExpanded="true" />
        <EntityTypeShape EntityType="Model.Voluntariado" Width="1.5" PointX="8.25" PointY="9.625" IsExpanded="true" />
        <EntityTypeShape EntityType="Model.VoluntariadoPostulante" Width="1.5" PointX="11.75" PointY="8.125" IsExpanded="true" />
        <AssociationConnector Association="Model.FK_OfertaLaboral_Area" ManuallyRouted="false" />
        <AssociationConnector Association="Model.FK_Subarea_Area" ManuallyRouted="false" />
        <AssociationConnector Association="Model.FK_Voluntariado_Area" ManuallyRouted="false" />
        <AssociationConnector Association="Model.FK_dbo_AspNetUserClaims_dbo_AspNetUsers_UserId" ManuallyRouted="false" />
        <AssociationConnector Association="Model.FK_dbo_AspNetUserLogins_dbo_AspNetUsers_UserId" ManuallyRouted="false" />
        <AssociationConnector Association="Model.FK_DatosEmpresa_AspNetUsers" ManuallyRouted="false" />
        <AssociationConnector Association="Model.FK_DatosUsuario_AspNetUsers" ManuallyRouted="false" />
        <AssociationConnector Association="Model.FK_OfertaPostulante_AspNetUsers" ManuallyRouted="false" />
        <AssociationConnector Association="Model.FK_VoluntariadoPostulante_AspNetUsers" ManuallyRouted="false" />
        <AssociationConnector Association="Model.FK_DatosUsuario_Nacionalidad" ManuallyRouted="false" />
        <AssociationConnector Association="Model.FK_DatosUsuario_TipoTrabajo" ManuallyRouted="false" />
        <AssociationConnector Association="Model.FK_OfertaLaboral_Educacion" ManuallyRouted="false" />
        <AssociationConnector Association="Model.FK_Voluntariado_Educacion" ManuallyRouted="false" />
        <AssociationConnector Association="Model.FK_OfertaLaboral_Estado" ManuallyRouted="false" />
        <AssociationConnector Association="Model.FK_Voluntariado_Estado" ManuallyRouted="false" />
        <AssociationConnector Association="Model.FK_OfertaLaboral_Jornada_Compl" ManuallyRouted="false" />
        <AssociationConnector Association="Model.FK_Voluntariado_Jornada_Compl" ManuallyRouted="false" />
        <AssociationConnector Association="Model.FK_OfertaLaboral_Movilidad" ManuallyRouted="false" />
        <AssociationConnector Association="Model.FK_Voluntariado_Movilidad" ManuallyRouted="false" />
        <AssociationConnector Association="Model.FK_OfertaLaboral_Subarea" ManuallyRouted="false" />
        <AssociationConnector Association="Model.FK_OfertaLaboral_TipoContrato" ManuallyRouted="false" />
        <AssociationConnector Association="Model.FK_OfertaPostulante_OfertaLaboral" ManuallyRouted="false" />
        <AssociationConnector Association="Model.FK_Voluntariado_Subarea" ManuallyRouted="false" />
        <AssociationConnector Association="Model.FK_Voluntariado_TipoContrato" ManuallyRouted="false" />
        <AssociationConnector Association="Model.FK_VoluntariadoPostulante_Voluntariado" ManuallyRouted="false" />
        <AssociationConnector Association="Model.AspNetUserRoles" ManuallyRouted="false" />
      </Diagram>
    </edmx:Diagrams>
  </edmx:Designer>
</edmx:Edmx>